Item Code,Item Group,Default Unit of Measure,Item Name,HSN/SAC
DRILL CHUCK SLEEVE 1/2 INCH,Consumable,Nos,DRILL CHUCK SLEEVE 1/2 INCH,98059000
HEX BOLT,Consumable,Nos,HEX BOLT,98059000
APKT-16-40-C16-100L-3T MILLING MACHINE ROTOR,Consumable,Nos,APKT-16-40-C16-100L-3T MILLING MACHINE ROTOR,98059000
APKT-1604PDFR-MA ROTOR INSERT,Consumable,Nos,APKT-1604PDFR-MA ROTOR INSERT,98059000
CHEMICAL TANK/ BOTTLE FISCHER,Consumable,Nos,CHEMICAL TANK/ BOTTLE FISCHER,98059000
5 MTR MEASURING TAPE,Consumable,Nos,5 MTR MEASURING TAPE,98059000
3 MTR MEASURING TAPE,Consumable,Nos,3 MTR MEASURING TAPE,98059000
WELDING NOZZLE FOR ESAB 405 WELDING TORCH,Consumable,Nos,WELDING NOZZLE FOR ESAB 405 WELDING TORCH,98059000
TEFLON LINER 3 MTR - 1.6 MM PSF 405 ESAB,Consumable,Nos,TEFLON LINER 3 MTR - 1.6 MM PSF 405 ESAB,98059000
ARGON REGULATOR,Consumable,Nos,ARGON REGULATOR,98059000
6 MM DRILL BIT,Consumable,Nos,6 MM DRILL BIT,98059000
TIP ADAPTOR ESAB,Consumable,Nos,TIP ADAPTOR ESAB,98059000
MANUAL WELDING NOZZLE,Consumable,Nos,MANUAL WELDING NOZZLE,98059000
TEFLON TAPE,Consumable,Nos,TEFLON TAPE,98059000
ROBOT WELDING TIP 1.2 MM,Consumable,Nos,ROBOT WELDING TIP 1.2 MM,98059000
CONTACT TIP LINCOLN,Consumable,Nos,CONTACT TIP LINCOLN,98059000
COTTON HAND GLOVES,Consumable,Nos,COTTON HAND GLOVES,98059000
LASHING BELT BUCKLE 25 MM,Consumable,Nos,LASHING BELT BUCKLE 25 MM,98059000
16 MM DRILL BIT,Consumable,Nos,16 MM DRILL BIT,98059000
WOODEN PALLET 1200X2400,Consumable,Nos,WOODEN PALLET 1200X2400,98059000
COTTAN MASK,Consumable,Nos,COTTAN MASK,98059000
QD CLEAR LACQUER,Consumable,Nos,QD CLEAR LACQUER,98059000
HOLE SAW BIT-  16 MM,Consumable,Nos,HOLE SAW BIT-  16 MM,98059000
POLYTHENE FILM/WRAPPING ROLL,Consumable,Nos,POLYTHENE FILM/WRAPPING ROLL,98059000
4 INCH CUTTING MACHINE,Consumable,Nos,4 INCH CUTTING MACHINE,98059000
INSULATION TAPE,Consumable,Nos,INSULATION TAPE,98059000
LASHING BELT 25 MM,Consumable,Nos,LASHING BELT 25 MM,98059000
METALIC DRAG CHAIN WITH END CLOSE CONNECTOR 7000*80*45MM,Consumable,Nos,METALIC DRAG CHAIN WITH END CLOSE CONNECTOR 7000*80*45MM,98059000
MANUAL WELDING TORCH,Consumable,Nos,MANUAL WELDING TORCH,98059000
TEFLON LINER - 3 MTR- 1.6 MM PSF 415 ESAB MAKE,Consumable,Nos,TEFLON LINER - 3 MTR- 1.6 MM PSF 415 ESAB MAKE,98059000
TIP ADAPTOR ESAB MAKE,Consumable,Nos,TIP ADAPTOR ESAB MAKE,98059000
MANUAL WELDING TIP 1.2 MM,Consumable,Nos,MANUAL WELDING TIP 1.2 MM,98059000
CONTACT TIP - 1.4 MM - FRONIUS MAKE,Consumable,Nos,CONTACT TIP - 1.4 MM - FRONIUS MAKE,98059000
STRETCH FILM - 500 MM - 51 MICRON,Consumable,Nos,STRETCH FILM - 500 MM - 51 MICRON,98059000
14 INCH CUTTING MACHINE,Consumable,Nos,14 INCH CUTTING MACHINE,98059000
WALL MOUNTING,Consumable,Nos,WALL MOUNTING,98059000
GYPSUM VERTICAL,Consumable,Nos,GYPSUM VERTICAL,98059000
LIGHT CUTTING,Consumable,Nos,LIGHT CUTTING,98059000
GYPSUM GURU .,Consumable,Nos,GYPSUM GURU .,98059000
WIRE SPOOL 1.2MM 5356 GRADE-9KG,Consumable,Nos,WIRE SPOOL 1.2MM 5356 GRADE-9KG,98059000
PUNCHING MACHINE,Consumable,Nos,PUNCHING MACHINE,98059000
4 INCH FLAP DISC,Consumable,Nos,4 INCH FLAP DISC,98059000
ROBOT WELDING TIP 1.4 MM,Consumable,Nos,ROBOT WELDING TIP 1.4 MM,98059000
THERMAMETER,Consumable,Nos,THERMAMETER,98059000
Ant Esports ICE-511MT Mid Tower  Cabinet Computer,Consumable,Nos,Ant Esports ICE-511MT Mid Tower  Cabinet Computer,98059000
SPATTER GAURD (DIA 10/DIA 20.8X24MM) PART NO.- 42.0405.0854,Consumable,Nos,SPATTER GAURD (DIA 10/DIA 20.8X24MM) PART NO.- 42.0405.0854,98059000
BARCODE STICKER 100MM*50MM LABEL,Consumable,Nos,BARCODE STICKER 100MM*50MM LABEL,98059000
BARCODE CARBON ROLL,Consumable,Nos,BARCODE CARBON ROLL,98059000
BARCODE STICKER ROLL,Consumable,Nos,BARCODE STICKER ROLL,98059000
LASHING BELT MACHINE (19-32MM),Consumable,Nos,LASHING BELT MACHINE (19-32MM),98059000
WOODEN PALLET 600X2400,Consumable,Nos,WOODEN PALLET 600X2400,98059000
PAVING BLOCK 100X200X80 MM,Consumable,Nos,PAVING BLOCK 100X200X80 MM,98059000
ARMOURED WIRE 50SQ MM X3.5 CORE,Consumable,Nos,ARMOURED WIRE 50SQ MM X3.5 CORE,98059000
ALUMINIUM ARMOURED CABLE 95 SQ MM X3.5 CORE (POLYCAB),Consumable,Nos,ALUMINIUM ARMOURED CABLE 95 SQ MM X3.5 CORE (POLYCAB),98059000
ALUMINIUM ARMOURED CABLE 150 SQMM X3.5 CORE,Consumable,Nos,ALUMINIUM ARMOURED CABLE 150 SQMM X3.5 CORE,98059000
COPPER LUG 95 SQ MM (RING TYPE),Consumable,Nos,COPPER LUG 95 SQ MM (RING TYPE),98059000
ALUMINIUM LUG 10 NO - FOR 6 SQMM CABLE,Consumable,Nos,ALUMINIUM LUG 10 NO - FOR 6 SQMM CABLE,98059000
COPPER FLEXIBLE CABLE 4 CORE (POLYCAB),Consumable,Nos,COPPER FLEXIBLE CABLE 4 CORE (POLYCAB),98059000
COPPER EARTHING CABLE- 70 SQMM (POLYCAB),Consumable,Nos,COPPER EARTHING CABLE- 70 SQMM (POLYCAB),98059000
SANITIZER -5 LIT CAN,Consumable,Nos,SANITIZER -5 LIT CAN,98059000
COTTON MASK- GREEN COLOUR,Consumable,Nos,COTTON MASK- GREEN COLOUR,98059000
PLC PROGRAMMING COMMUNICATION CABLE WITH CONNECTOR,Consumable,Nos,PLC PROGRAMMING COMMUNICATION CABLE WITH CONNECTOR,98059000
AUTONICS MODULE WITH CONNECTOR CABLE,Consumable,Nos,AUTONICS MODULE WITH CONNECTOR CABLE,98059000
PEX FITTING CONNECTOR,Consumable,Nos,PEX FITTING CONNECTOR,98059000
MS ZINK PLATED M6*75 MM NUT BOLT WITH WASHER,Consumable,Nos,MS ZINK PLATED M6*75 MM NUT BOLT WITH WASHER,98059000
WHITE GOGGLE,Consumable,Nos,WHITE GOGGLE,98059000
BUTTON FOLDER,Consumable,Nos,BUTTON FOLDER,98059000
BOND PAPER,Consumable,Nos,BOND PAPER,98059000
PNEUMATICH SWITCH,Consumable,Nos,PNEUMATICH SWITCH,98059000
CLAMPING PAD,Consumable,Nos,CLAMPING PAD,98059000
TAPER DRILL BIT 14 MM TOTEM  MAKE,Consumable,Nos,TAPER DRILL BIT 14 MM TOTEM  MAKE,98059000
"TAP SET (1,2,3)  M12*1.75 MM-TOTEM MAKE",Consumable,Nos,"TAP SET (1,2,3)  M12*1.75 MM-TOTEM MAKE",98059000
ALLEN BOLT 12*35 MM WITH SPRING WASHER FULL THREADED,Consumable,Nos,ALLEN BOLT 12*35 MM WITH SPRING WASHER FULL THREADED,98059000
DA 32X160 PNEUMATIC CYLINDER (MAGNETIC) WITH ADJ. CUSHIONING.,Consumable,Nos,DA 32X160 PNEUMATIC CYLINDER (MAGNETIC) WITH ADJ. CUSHIONING.,98059000
16A METALIC BOARD WITH DOUBLE PLUG DOUBLE SOCKET WITH DOUBLE MCB 2POLE,Consumable,Nos,16A METALIC BOARD WITH DOUBLE PLUG DOUBLE SOCKET WITH DOUBLE MCB 2POLE,98059000
ROBOTIC BEND NECK,Consumable,Nos,ROBOTIC BEND NECK,98059000
25MM PEX FITTING MALE CONNECTOR,Consumable,Nos,25MM PEX FITTING MALE CONNECTOR,98059000
25 MM ELBOW PEX FITTING CONNECTOR,Consumable,Nos,25 MM ELBOW PEX FITTING CONNECTOR,98059000
ALLEN BOLT 6*10 MM WITH SPRING WASHER FULL THREADED,Consumable,Nos,ALLEN BOLT 6*10 MM WITH SPRING WASHER FULL THREADED,98059000
ALLEN BOLT- 10*35 FULL THREADED,Consumable,Nos,ALLEN BOLT- 10*35 FULL THREADED,98059000
HEX NUT M 10*100,Consumable,Nos,HEX NUT M 10*100,98059000
4 INCH DEWALT DW810 GRINDER -CARBON BRUSH,Consumable,Nos,4 INCH DEWALT DW810 GRINDER -CARBON BRUSH,98059000
BEND NECK FOR THE PSF 405 TORCH,Consumable,Nos,BEND NECK FOR THE PSF 405 TORCH,98059000
DRILL MACHINE,Consumable,Nos,DRILL MACHINE,98059000
PU FLOW CONTROL VALVE CONNECTOR,Consumable,Nos,PU FLOW CONTROL VALVE CONNECTOR,98059000
"TAP SET (1,2,3) M5*0.8MM-TOTEM MAKE",Consumable,Nos,"TAP SET (1,2,3) M5*0.8MM-TOTEM MAKE",98059000
ALLEN BOLT M12*40 MM WITH SPRING WASHER FULL THREADED,Consumable,Nos,ALLEN BOLT M12*40 MM WITH SPRING WASHER FULL THREADED,98059000
1/2 INCH *10 MM FLOW CONTROL  VALVE JANATICS,Consumable,Nos,1/2 INCH *10 MM FLOW CONTROL  VALVE JANATICS,98059000
DOUBLE ROD CYLINDER BORE DIA-20MM STROKE-100MM -PHOENIX,Consumable,Nos,DOUBLE ROD CYLINDER BORE DIA-20MM STROKE-100MM -PHOENIX,98059000
HRC FUSE FOR- 100 AMP BUS BAR,Consumable,Nos,HRC FUSE FOR- 100 AMP BUS BAR,98059000
MS PLATE 1500X750X30 MM,Consumable,Nos,MS PLATE 1500X750X30 MM,98059000
MS PLATE 1500X80X30 MM,Consumable,Nos,MS PLATE 1500X80X30 MM,98059000
MS PLATE 900X250X30 MM,Consumable,Nos,MS PLATE 900X250X30 MM,98059000
ESAB PORTABLE WELDING MACHINE REPAIRING (PCB CARD REPAIRING & MOSPET ),Consumable,Nos,ESAB PORTABLE WELDING MACHINE REPAIRING (PCB CARD REPAIRING & MOSPET ),98059000
VACCINE COVISHIELD,Consumable,Nos,VACCINE COVISHIELD,98059000
COMPRESSOR MS PAINT BOOTH,Consumable,Nos,COMPRESSOR MS PAINT BOOTH,98059000
GRANITE BLACK LINE TYPE STEEL GREY,Consumable,Nos,GRANITE BLACK LINE TYPE STEEL GREY,98059000
KADAPPA,Consumable,Nos,KADAPPA,98059000
MOULDING ON GRANITE,Consumable,Nos,MOULDING ON GRANITE,98059000
Buckets for toilet use,Consumable,Nos,Buckets for toilet use,98059000
PLASTIC MUG,Consumable,Nos,PLASTIC MUG,98059000
PLASTIC BOTTLES FOR HAND WASH,Consumable,Nos,PLASTIC BOTTLES FOR HAND WASH,98059000
TARPAULIN (40 X 60 FEET),Consumable,Nos,TARPAULIN (40 X 60 FEET),98059000
TARPAULIN (30 X 50 FEET),Consumable,Nos,TARPAULIN (30 X 50 FEET),98059000
"MS PLATE 1500X750X30 MM - MACHINING, DRILLING AND BEND REMOVING CHARGE",Consumable,Nos,"MS PLATE 1500X750X30 MM - MACHINING, DRILLING AND BEND REMOVING CHARGE",98059000
"MS PLATE 1500X80X30 MM MACHINING, DRILLING & BEND REMOVING CHARGE",Consumable,Nos,"MS PLATE 1500X80X30 MM MACHINING, DRILLING & BEND REMOVING CHARGE",98059000
TOGGLE CLAMP HTC 2550 -STEEL SMITH,Consumable,Nos,TOGGLE CLAMP HTC 2550 -STEEL SMITH,98059000
TOGGLE CLAMP 600 FM -STEEL SMITH,Consumable,Nos,TOGGLE CLAMP 600 FM -STEEL SMITH,98059000
SCREW M5 X 60 WITHOUT COUNTERSINK,Consumable,Nos,SCREW M5 X 60 WITHOUT COUNTERSINK,98059000
MS PIPE 75*75*4,Consumable,Nos,MS PIPE 75*75*4,98059000
LINK ASSEMBLY,Consumable,Nos,LINK ASSEMBLY,98059000
PIVOT,Consumable,Nos,PIVOT,98059000
Y FORK FOR 100X160 CYLINDER,Consumable,Nos,Y FORK FOR 100X160 CYLINDER,98059000
LINKAGE ASSEMBLY,Consumable,Nos,LINKAGE ASSEMBLY,98059000
100X160 CYLINDER MOUNTING TRUNION,Consumable,Nos,100X160 CYLINDER MOUNTING TRUNION,98059000
100X160 CYLINDER Y FORK,Consumable,Nos,100X160 CYLINDER Y FORK,98059000
4 INCH DEWALT DW810 GRINDER -COIL,Consumable,Nos,4 INCH DEWALT DW810 GRINDER -COIL,98059000
4 INCH DEWALT DW810 GRINDER -ARMATURE,Consumable,Nos,4 INCH DEWALT DW810 GRINDER -ARMATURE,98059000
4 INCH BOSCH GWS600 GRINDER -CARBON BRUSH,Consumable,Nos,4 INCH BOSCH GWS600 GRINDER -CARBON BRUSH,98059000
4 INCH BOSCH GWS600 GRINDER -ARMATURE,Consumable,Nos,4 INCH BOSCH GWS600 GRINDER -ARMATURE,98059000
4 INCH HIKOKI PDA-100M GRINDER -CARBON BRUSH,Consumable,Nos,4 INCH HIKOKI PDA-100M GRINDER -CARBON BRUSH,98059000
4 INCH HIKOKI PDA-100M GRINDER -COIL,Consumable,Nos,4 INCH HIKOKI PDA-100M GRINDER -COIL,98059000
4 INCH HIKOKI PDA-100M GRINDER-ARMATURE,Consumable,Nos,4 INCH HIKOKI PDA-100M GRINDER-ARMATURE,98059000
MTB 500I W R OVT/36°/L366/H86 (ROBOT NECK),Consumable,Nos,MTB 500I W R OVT/36°/L366/H86 (ROBOT NECK),98059000
GAS NOZZLE DIA.15/DAI.25X61 CT,Consumable,Nos,GAS NOZZLE DIA.15/DAI.25X61 CT,98059000
4 INCH CUTTING BLADE,Consumable,Nos,4 INCH CUTTING BLADE,98059000
BLACK GOGGLE,Consumable,Nos,BLACK GOGGLE,98059000
SAFETY BELT WITH LANYARD -KARAM (PN 56),Consumable,Nos,SAFETY BELT WITH LANYARD -KARAM (PN 56),98059000
ESAB WELDING MACHINE,Consumable,Nos,ESAB WELDING MACHINE,98059000
TOILET BRUSH,Consumable,Nos,TOILET BRUSH,98059000
DOOR MAT TURF MAT GREEN,Consumable,Nos,DOOR MAT TURF MAT GREEN,98059000
1.5 SQ MM COPPER FLEXIBLE CABLE 2 CORE (POLYCAB),Consumable,Nos,1.5 SQ MM COPPER FLEXIBLE CABLE 2 CORE (POLYCAB),98059000
MS C CHANNEL 150*75*5 MM,Consumable,Nos,MS C CHANNEL 150*75*5 MM,98059000
STRAIGHT PU CONNECTOR,Consumable,Nos,STRAIGHT PU CONNECTOR,98059000
M 5*6 MM FLOW CONTROL VALVE JANATICS,Consumable,Nos,M 5*6 MM FLOW CONTROL VALVE JANATICS,98059000
8*6 STRAIGHT CONNECTOR JANATICS,Consumable,Nos,8*6 STRAIGHT CONNECTOR JANATICS,98059000
PNEUMATIC PIPE,Consumable,Nos,PNEUMATIC PIPE,98059000
MS SHIM-5MM THICKNESS,Consumable,Nos,MS SHIM-5MM THICKNESS,98059000
TEFLON LINER SIZE 1.6 MM 3 MTR LONG (ESAB),Consumable,Nos,TEFLON LINER SIZE 1.6 MM 3 MTR LONG (ESAB),98059000
ALU WIRE SPOOL,Consumable,Nos,ALU WIRE SPOOL,98059000
STEP DRILL BIT 4 TO 20 MM,Consumable,Nos,STEP DRILL BIT 4 TO 20 MM,98059000
BLACK WELDING GLASS,Consumable,Nos,BLACK WELDING GLASS,98059000
LEATHER HAND GLOVES FOR WELDING,Consumable,Nos,LEATHER HAND GLOVES FOR WELDING,98059000
14 INCH CUTTING BLADE,Consumable,Nos,14 INCH CUTTING BLADE,98059000
CROMPING TOOL HYD,Consumable,Nos,CROMPING TOOL HYD,98059000
ALLEN KEY -17 MM,Consumable,Nos,ALLEN KEY -17 MM,98059000
ALLEN KEY -19 MM,Consumable,Nos,ALLEN KEY -19 MM,98059000
ERGO SHIELD NUT - FOR ARGON CYLINDER,Consumable,Nos,ERGO SHIELD NUT - FOR ARGON CYLINDER,98059000
405 AMP PSF TORCH REPAIR - CRIMPING,Consumable,Nos,405 AMP PSF TORCH REPAIR - CRIMPING,98059000
5 HP WINDTEL COMPRESSOR REPAIRING CHARGES WITH MATERIAL.,Consumable,Nos,5 HP WINDTEL COMPRESSOR REPAIRING CHARGES WITH MATERIAL.,98059000
FLYWHEEL,Consumable,Nos,FLYWHEEL,98059000
PISTON ASSEMBLY LP,Consumable,Nos,PISTON ASSEMBLY LP,98059000
PISTON RING LP 4 INCH,Consumable,Nos,PISTON RING LP 4 INCH,98059000
PU PIPE 8 MM -JANATICS,Consumable,Nos,PU PIPE 8 MM -JANATICS,98059000
PISTON RING HP 2.5 INCH,Consumable,Nos,PISTON RING HP 2.5 INCH,98059000
VALVE PLATE 100*70,Consumable,Nos,VALVE PLATE 100*70,98059000
OIL SEAL,Consumable,Nos,OIL SEAL,98059000
GASKET SET,Consumable,Nos,GASKET SET,98059000
NRV ASSLY,Consumable,Nos,NRV ASSLY,98059000
CRANK PIN LOCK BOLT,Consumable,Nos,CRANK PIN LOCK BOLT,98059000
AIR FILTER ELEMENT,Consumable,Nos,AIR FILTER ELEMENT,98059000
MAINTENANCE CHARGES,Consumable,Nos,MAINTENANCE CHARGES,98059000
ALLEN BOLT 12*120 MM WITH FLAT  WASHER,Consumable,Nos,ALLEN BOLT 12*120 MM WITH FLAT  WASHER,98059000
ALLEN BOLT 5*40 MM  FULL THREADED,Consumable,Nos,ALLEN BOLT 5*40 MM  FULL THREADED,98059000
HEX BOLT M 10*120 MM,Consumable,Nos,HEX BOLT M 10*120 MM,98059000
HEX NUT - M 10*120 MM,Consumable,Nos,HEX NUT - M 10*120 MM,98059000
ALLEN BOLT 5*50 MM WITH NUT AND FLAT WASHER,Consumable,Nos,ALLEN BOLT 5*50 MM WITH NUT AND FLAT WASHER,98059000
INDUSTRIAL HANGING HALOGEN LAMP-100W,Consumable,Nos,INDUSTRIAL HANGING HALOGEN LAMP-100W,98059000
M8 PROXIMITY SENSOR-PNP (NO) 2 MM SENSING RANGE -BAUMER MAKE,Consumable,Nos,M8 PROXIMITY SENSOR-PNP (NO) 2 MM SENSING RANGE -BAUMER MAKE,98059000
LED SENSOR,Consumable,Nos,LED SENSOR,98059000
AUTONICS MODULE 40 PORT,Consumable,Nos,AUTONICS MODULE 40 PORT,98059000
ENCODER CABLE,Consumable,Nos,ENCODER CABLE,98059000
TRANSPORTATION  CHARGES-,Consumable,Nos,TRANSPORTATION  CHARGES-,98059000
SINGLE CORE 1.5 SQ MM CABLE POLYCAB-RED COLOUR,Consumable,Nos,SINGLE CORE 1.5 SQ MM CABLE POLYCAB-RED COLOUR,98059000
STONE GRIT,Consumable,Nos,STONE GRIT,98059000
FORBES MAKE 1 LTR GACDFMANCV3120 INVERTER 3 STAR-SPLIT AC.,Consumable,Nos,FORBES MAKE 1 LTR GACDFMANCV3120 INVERTER 3 STAR-SPLIT AC.,98059000
ELGI -22 OIL FILTER,Consumable,Nos,ELGI -22 OIL FILTER,98059000
PLASMA ELCTRODE (30A-105A) HYPERTHERM,Consumable,Nos,PLASMA ELCTRODE (30A-105A) HYPERTHERM,98059000
WIRE ROPE-8 MM PLASTIC COATED,Consumable,Nos,WIRE ROPE-8 MM PLASTIC COATED,98059000
WIRE ROPE JOINT CLAMP,Consumable,Nos,WIRE ROPE JOINT CLAMP,98059000
32# HYDRAULIC OIL-HP,Consumable,Nos,32# HYDRAULIC OIL-HP,98059000
BUFFING WHEEL,Consumable,Nos,BUFFING WHEEL,98059000
INDUSTRIAL EXHAUST FAN 18 INCH ALMONARD MAKE,Consumable,Nos,INDUSTRIAL EXHAUST FAN 18 INCH ALMONARD MAKE,98059000
WHITE SAFETY GOGGLE -KARAM MAKE,Consumable,Nos,WHITE SAFETY GOGGLE -KARAM MAKE,98059000
MANUAL TIP ADAPTOR,Consumable,Nos,MANUAL TIP ADAPTOR,98059000
LAMINATE ROYAL TOUCH SHEET- OR 1605,Consumable,Nos,LAMINATE ROYAL TOUCH SHEET- OR 1605,98059000
LAMINATE ROYAL TOUCH SHEET- OR 1613,Consumable,Nos,LAMINATE ROYAL TOUCH SHEET- OR 1613,98059000
COPPER LUG 10 SQMM-(RING TYPE),Consumable,Nos,COPPER LUG 10 SQMM-(RING TYPE),98059000
SECURITY CABIN 4X4,Consumable,Nos,SECURITY CABIN 4X4,98059000
SECURITY CABIN 6X4,Consumable,Nos,SECURITY CABIN 6X4,98059000
BKS PATTI DIE MAINTENANCE CHARGES,Consumable,Nos,BKS PATTI DIE MAINTENANCE CHARGES,98059000
EAR PLUG,Consumable,Nos,EAR PLUG,98059000
GOLDEN YELLOW ENAMEL PAINT-BERGER PAINT,Consumable,Nos,GOLDEN YELLOW ENAMEL PAINT-BERGER PAINT,98059000
BRANDED TANGERINE ORANGE POLO T-SHIRT WITH WHITE COLOUR DOUBLE TIPPING,Consumable,Nos,BRANDED TANGERINE ORANGE POLO T-SHIRT WITH WHITE COLOUR DOUBLE TIPPING,98059000
VENTRA MAKE SAFETY HELMET (WHITE COLOUR),Consumable,Nos,VENTRA MAKE SAFETY HELMET (WHITE COLOUR),98059000
FORBES INVERTOR AC GACDFMANCV3240- 2TON,Consumable,Nos,FORBES INVERTOR AC GACDFMANCV3240- 2TON,98059000
CEMENT BRICK 6 INCH,Consumable,Nos,CEMENT BRICK 6 INCH,98059000
1200X600 TILE FLOORING WORK CHARGES,Consumable,Nos,1200X600 TILE FLOORING WORK CHARGES,98059000
TEFLON LINER 3 MTR 1.6 MM,Consumable,Nos,TEFLON LINER 3 MTR 1.6 MM,98059000
15W LED DOWNLIGHTER,Consumable,Nos,15W LED DOWNLIGHTER,98059000
LED STRIP,Consumable,Nos,LED STRIP,98059000
LED DRIVER,Consumable,Nos,LED DRIVER,98059000
20A SPN TOP,Consumable,Nos,20A SPN TOP,98059000
6A  3 PIN TOP,Consumable,Nos,6A  3 PIN TOP,98059000
SONG OF INDIA PLANT,Consumable,Nos,SONG OF INDIA PLANT,98059000
ARALIA PLANT,Consumable,Nos,ARALIA PLANT,98059000
CEYLON PLANT,Consumable,Nos,CEYLON PLANT,98059000
TRICOLOUR-1 PLANT,Consumable,Nos,TRICOLOUR-1 PLANT,98059000
TRICOLOUR-2 PLANT,Consumable,Nos,TRICOLOUR-2 PLANT,98059000
PEPEROMIA PLANT,Consumable,Nos,PEPEROMIA PLANT,98059000
DRACO PLANT,Consumable,Nos,DRACO PLANT,98059000
PANDANUS PLANT,Consumable,Nos,PANDANUS PLANT,98059000
ROHIYA PLANT,Consumable,Nos,ROHIYA PLANT,98059000
PLUMBING ITEMS,Consumable,Nos,PLUMBING ITEMS,98059000
MTB 330I W R OVT/36 DEGREE /L321/H44,Consumable,Nos,MTB 330I W R OVT/36 DEGREE /L321/H44,98059000
"INSUL . RING DIA18,2/DIA10,2X2,9",Consumable,Nos,"INSUL . RING DIA18,2/DIA10,2X2,9",98059000
NOZZLE STOCK M6/SW 10X20 CU,Consumable,Nos,NOZZLE STOCK M6/SW 10X20 CU,98059000
"SPATTER GAURD  DIA 8,2/ DIA 17X12",Consumable,Nos,"SPATTER GAURD  DIA 8,2/ DIA 17X12",98059000
GAS NOZZLE DIA 13/DIA25X41 CT,Consumable,Nos,GAS NOZZLE DIA 13/DIA25X41 CT,98059000
CONTACT TIP 1.2/M6/8X24MM -AL,Consumable,Nos,CONTACT TIP 1.2/M6/8X24MM -AL,98059000
KOEL CARE PREMIUM GENUINE OIL 5 LTR CAN,Consumable,Nos,KOEL CARE PREMIUM GENUINE OIL 5 LTR CAN,98059000
FUEL FILTER ELEMENT PRE,Consumable,Nos,FUEL FILTER ELEMENT PRE,98059000
FUEL FILTER ELEMENT MICRO,Consumable,Nos,FUEL FILTER ELEMENT MICRO,98059000
STANLY WIRE CUTTER,Consumable,Nos,STANLY WIRE CUTTER,98059000
MAGNETIC LINEAR TAPE,Consumable,Nos,MAGNETIC LINEAR TAPE,98059000
PREVENTIVE MAINTENANCE NAME PLATE (300X200MM),Consumable,Nos,PREVENTIVE MAINTENANCE NAME PLATE (300X200MM),98059000
NUMERIC PLATE (200 X 200 MM) (1 TO 120),Consumable,Nos,NUMERIC PLATE (200 X 200 MM) (1 TO 120),98059000
CONDUIT 16 MM DIA,Consumable,Nos,CONDUIT 16 MM DIA,98059000
CONDUIT 25 MM DIA,Consumable,Nos,CONDUIT 25 MM DIA,98059000
3/8 *8 MM FLOW CONTROL VALVE-JANATICS,Consumable,Nos,3/8 *8 MM FLOW CONTROL VALVE-JANATICS,98059000
OIL BOND WHITE COLOUR -20 LTR BUCKET,Consumable,Nos,OIL BOND WHITE COLOUR -20 LTR BUCKET,98059000
PAINTING ROLLER 9 INCH,Consumable,Nos,PAINTING ROLLER 9 INCH,98059000
WASTE COUPLING,Consumable,Nos,WASTE COUPLING,98059000
C I BRACKET,Consumable,Nos,C I BRACKET,98059000
RACK BOLT,Consumable,Nos,RACK BOLT,98059000
EVARA PILLER COCK,Consumable,Nos,EVARA PILLER COCK,98059000
24 INCH PVC CONNECTION,Consumable,Nos,24 INCH PVC CONNECTION,98059000
WHITE CEMENT 1 KG,Consumable,Nos,WHITE CEMENT 1 KG,98059000
EVARA BIB COCK,Consumable,Nos,EVARA BIB COCK,98059000
SINK COCK,Consumable,Nos,SINK COCK,98059000
EXTENSION PEICE 1 INCH,Consumable,Nos,EXTENSION PEICE 1 INCH,98059000
C P FLANGE,Consumable,Nos,C P FLANGE,98059000
EVARA CON. STOP COCK,Consumable,Nos,EVARA CON. STOP COCK,98059000
3/4X1/2 INCH CPVC R/MTA METALLIC,Consumable,Nos,3/4X1/2 INCH CPVC R/MTA METALLIC,98059000
75 MM PVC NANI TRAP,Consumable,Nos,75 MM PVC NANI TRAP,98059000
75 MM SWR PLAIN BEND,Consumable,Nos,75 MM SWR PLAIN BEND,98059000
110MM SWR PLAIN BEND,Consumable,Nos,110MM SWR PLAIN BEND,98059000
110MM SWR PLAIN TEE,Consumable,Nos,110MM SWR PLAIN TEE,98059000
WOOD SCREW 50X8,Consumable,Nos,WOOD SCREW 50X8,98059000
WOOD SCRE 75X10,Consumable,Nos,WOOD SCRE 75X10,98059000
EVARA 2 WAY TAP,Consumable,Nos,EVARA 2 WAY TAP,98059000
ALD-CHR-573 HEALTH FAUCET 1.2 MT FLEX TUBE,Consumable,Nos,ALD-CHR-573 HEALTH FAUCET 1.2 MT FLEX TUBE,98059000
1 INCH UPVC UNION,Consumable,Nos,1 INCH UPVC UNION,98059000
1 INCH UPVC FTA METALLIC,Consumable,Nos,1 INCH UPVC FTA METALLIC,98059000
1 INCH UPVC PIPE 80 SCH,Consumable,Nos,1 INCH UPVC PIPE 80 SCH,98059000
50 MM PVC PIPE 10FT,Consumable,Nos,50 MM PVC PIPE 10FT,98059000
SUPREME A TYPE 110MM 10FT,Consumable,Nos,SUPREME A TYPE 110MM 10FT,98059000
SUPREME A TYPE 75MM 10 FT,Consumable,Nos,SUPREME A TYPE 75MM 10 FT,98059000
3/4 INCH CPVC ELBOW,Consumable,Nos,3/4 INCH CPVC ELBOW,98059000
3/4X1/2 INCH CPVC R/ELBOW MEALLIC,Consumable,Nos,3/4X1/2 INCH CPVC R/ELBOW MEALLIC,98059000
3/4 INCH CPVC COUPLER,Consumable,Nos,3/4 INCH CPVC COUPLER,98059000
3/4 INCH CPVC TEE,Consumable,Nos,3/4 INCH CPVC TEE,98059000
3/4 INCH CPVC BY PASS BEND,Consumable,Nos,3/4 INCH CPVC BY PASS BEND,98059000
1/2 INCH GI CLIP,Consumable,Nos,1/2 INCH GI CLIP,98059000
1 INCH GI CLIP,Consumable,Nos,1 INCH GI CLIP,98059000
PLUMBING NAILS 11/2 INCH,Consumable,Nos,PLUMBING NAILS 11/2 INCH,98059000
4 S W GULLY TRAP,Consumable,Nos,4 S W GULLY TRAP,98059000
1X3/4 INCH UPVC RED/TEE,Consumable,Nos,1X3/4 INCH UPVC RED/TEE,98059000
1X3/4 UPVC REDUCER,Consumable,Nos,1X3/4 UPVC REDUCER,98059000
1 INCH UPVC TEE,Consumable,Nos,1 INCH UPVC TEE,98059000
3/4X1/2 INCH UPVC R/FTA METALLIC,Consumable,Nos,3/4X1/2 INCH UPVC R/FTA METALLIC,98059000
50MM PVC ELBOW,Consumable,Nos,50MM PVC ELBOW,98059000
50MM PVC END CAP,Consumable,Nos,50MM PVC END CAP,98059000
1 INCH UPVC COUPLER,Consumable,Nos,1 INCH UPVC COUPLER,98059000
1 INCH UPVC ELBOW,Consumable,Nos,1 INCH UPVC ELBOW,98059000
1 INCH UPVC BALL VALVE,Consumable,Nos,1 INCH UPVC BALL VALVE,98059000
1 INCH GI TANK NIPPLE,Consumable,Nos,1 INCH GI TANK NIPPLE,98059000
PLASTIC SOFT BROOM,Consumable,Nos,PLASTIC SOFT BROOM,98059000
EVARA ANGLE COCK,Consumable,Nos,EVARA ANGLE COCK,98059000
DOOR MAT 399 GREEN 19*32,Consumable,Nos,DOOR MAT 399 GREEN 19*32,98059000
DOOR MAT CUSHION MAT RED COLOUR,Consumable,Nos,DOOR MAT CUSHION MAT RED COLOUR,98059000
OIL LEVEL INDICATOR,Consumable,Nos,OIL LEVEL INDICATOR,98059000
AIR LUBE OIL 000998044,Consumable,Nos,AIR LUBE OIL 000998044,98059000
BREATHER  VALVE,Consumable,Nos,BREATHER  VALVE,98059000
AIR FILTER B TYPE,Consumable,Nos,AIR FILTER B TYPE,98059000
RUBBER BUSH & BELT,Consumable,Nos,RUBBER BUSH & BELT,98059000
NRV 1 INCH KIT,Consumable,Nos,NRV 1 INCH KIT,98059000
AIR COMPRESSOR REPAIRING SERVICING CHARGES,Consumable,Nos,AIR COMPRESSOR REPAIRING SERVICING CHARGES,98059000
FOR IR NEW MODEL 4 INCH RING SET,Consumable,Nos,FOR IR NEW MODEL 4 INCH RING SET,98059000
FOR IR NEW MODEL 2.5 INCH RING SET,Consumable,Nos,FOR IR NEW MODEL 2.5 INCH RING SET,98059000
GASKET SET 242,Consumable,Nos,GASKET SET 242,98059000
AIR FILTER ELEMENT T-LINE,Consumable,Nos,AIR FILTER ELEMENT T-LINE,98059000
VALVE FINGER,Consumable,Nos,VALVE FINGER,98059000
BUSHING CRANK PIN242/2475,Consumable,Nos,BUSHING CRANK PIN242/2475,98059000
V-BELT ECODRIVE A73,Consumable,Nos,V-BELT ECODRIVE A73,98059000
BDV TEST,Consumable,Nos,BDV TEST,98059000
OIL TOP UP,Consumable,Nos,OIL TOP UP,98059000
EARTH TESTING,Consumable,Nos,EARTH TESTING,98059000
SILICA GEL REPLACEMENT,Consumable,Nos,SILICA GEL REPLACEMENT,98059000
ACIDITY & MEAGER TEST,Consumable,Nos,ACIDITY & MEAGER TEST,98059000
LEAKAGE REPAIRING,Consumable,Nos,LEAKAGE REPAIRING,98059000
SINGLE CORE 1.5 SQ MM CABLE POLYCAB-BLACK COLOUR,Consumable,Nos,SINGLE CORE 1.5 SQ MM CABLE POLYCAB-BLACK COLOUR,98059000
VACCINATION,Consumable,Nos,VACCINATION,98059000
CHADOX 1 NCOV-19 CORONA VIRUS VACCINE (RECOMBINANT) COVISHIELD,Consumable,Nos,CHADOX 1 NCOV-19 CORONA VIRUS VACCINE (RECOMBINANT) COVISHIELD,98059000
STAFF CHARGES,Consumable,Nos,STAFF CHARGES,98059000
ON SITE CONSULTATION CHARGES,Consumable,Nos,ON SITE CONSULTATION CHARGES,98059000
GOLDEN YELLOW PAINT BERGER MAKE,Consumable,Nos,GOLDEN YELLOW PAINT BERGER MAKE,98059000
PLIER,Consumable,Nos,PLIER,98059000
HAMMER 0.5 KG,Consumable,Nos,HAMMER 0.5 KG,98059000
GREEN CLOTH COVER ENVELOPE - SIZE A4,Consumable,Nos,GREEN CLOTH COVER ENVELOPE - SIZE A4,98059000
MAKITA MAKE ( N5900B )CUTTING MACHINE -DIA. 235MM,Consumable,Nos,MAKITA MAKE ( N5900B )CUTTING MACHINE -DIA. 235MM,98059000
ROTORY FIXTURE- CAPACITY 2 TON,Consumable,Nos,ROTORY FIXTURE- CAPACITY 2 TON,98059000
ALLEN BOLT- 8*35 FULL THREADED,Consumable,Nos,ALLEN BOLT- 8*35 FULL THREADED,98059000
WELDING HELMET,Consumable,Nos,WELDING HELMET,98059000
ALLEN BOLT 12*35 FULL THREADED,Consumable,Nos,ALLEN BOLT 12*35 FULL THREADED,98059000
ALLEN BOLT M5 *40,Consumable,Nos,ALLEN BOLT M5 *40,98059000
ALLEN BOLT M6*10,Consumable,Nos,ALLEN BOLT M6*10,98059000
ALLEN BOLT M10*30,Consumable,Nos,ALLEN BOLT M10*30,98059000
CHEMICAL FASTNER GUN,Consumable,Nos,CHEMICAL FASTNER GUN,98059000
RIGHT ANGLE -10 INCH SAGAR MAKE,Consumable,Nos,RIGHT ANGLE -10 INCH SAGAR MAKE,98059000
RIGHT ANGLE -12 INCH SAGAR MAKE,Consumable,Nos,RIGHT ANGLE -12 INCH SAGAR MAKE,98059000
WHITE PENCIL,Consumable,Nos,WHITE PENCIL,98059000
AUTO DARKNING HELMET,Consumable,Nos,AUTO DARKNING HELMET,98059000
PVC FLEXIBLE CLEAR  CURTAIN TRANSPERANT,Consumable,Nos,PVC FLEXIBLE CLEAR  CURTAIN TRANSPERANT,98059000
SPRAY NOZZOLE,Consumable,Nos,SPRAY NOZZOLE,98059000
JEANS HAND GLOVES,Consumable,Nos,JEANS HAND GLOVES,98059000
CUTTER BLADE REGULER,Consumable,Nos,CUTTER BLADE REGULER,98059000
COMOD,Consumable,Nos,COMOD,98059000
WASH BASIN,Consumable,Nos,WASH BASIN,98059000
405 AMP PSF TORCH REPAIR -BLACK HANDLE,Consumable,Nos,405 AMP PSF TORCH REPAIR -BLACK HANDLE,98059000
TORCH CRIMPING NIPPLE,Consumable,Nos,TORCH CRIMPING NIPPLE,98059000
PSF BRASS ADAPTOR,Consumable,Nos,PSF BRASS ADAPTOR,98059000
INSECT KILLER MACHINE,Consumable,Nos,INSECT KILLER MACHINE,98059000
STEEL TOE GUMBOOT -7 NO TORPEDO  MAKE,Consumable,Nos,STEEL TOE GUMBOOT -7 NO TORPEDO  MAKE,98059000
STEEL TOE GUMBOOT -8 NO TORPEDO  MAKE,Consumable,Nos,STEEL TOE GUMBOOT -8 NO TORPEDO  MAKE,98059000
STEEL TOE GUMBOOT -9 NO TORPEDO  MAKE,Consumable,Nos,STEEL TOE GUMBOOT -9 NO TORPEDO  MAKE,98059000
STEEL TOE GUMBOOT -10 NO TORPEDO  MAKE,Consumable,Nos,STEEL TOE GUMBOOT -10 NO TORPEDO  MAKE,98059000
LASHING BELT 25 MM 1.5 TON,Consumable,Nos,LASHING BELT 25 MM 1.5 TON,98059000
WHITE LAMINATE FOR OFFICE,Consumable,Nos,WHITE LAMINATE FOR OFFICE,98059000
12 MM 8X4 PLYWOOD,Consumable,Nos,12 MM 8X4 PLYWOOD,98059000
HEATX SR,Consumable,Nos,HEATX SR,98059000
BTC 1 X 1/4,Consumable,Nos,BTC 1 X 1/4,98059000
AIR COMPRESSOR REPAIRING,Consumable,Nos,AIR COMPRESSOR REPAIRING,98059000
MS DOUBLE NIPPLE,Consumable,Nos,MS DOUBLE NIPPLE,98059000
ELBOW 1 1/4 INCH,Consumable,Nos,ELBOW 1 1/4 INCH,98059000
MS BARREL NIPPLE 1 1/4 INCH,Consumable,Nos,MS BARREL NIPPLE 1 1/4 INCH,98059000
CYLINDER  HEAD 100 MM,Consumable,Nos,CYLINDER  HEAD 100 MM,98059000
V-BELT B 76,Consumable,Nos,V-BELT B 76,98059000
ALLEN BOLT 10*30,Consumable,Nos,ALLEN BOLT 10*30,98059000
FREIGHT CHARGES,Consumable,Nos,FREIGHT CHARGES,98059000
ADJUSTABLE SPANNER 40 MM OPENING -TAPARIA,Consumable,Nos,ADJUSTABLE SPANNER 40 MM OPENING -TAPARIA,98059000
5 MM DRILL BIT,Consumable,Nos,5 MM DRILL BIT,98059000
WHITE WELDING GLASS,Consumable,Nos,WHITE WELDING GLASS,98059000
3 POLE MCB,Consumable,Nos,3 POLE MCB,98059000
"150 TON PRESS M/C -STOPPER PIN FOR MACHINING,THREADING",Consumable,Nos,"150 TON PRESS M/C -STOPPER PIN FOR MACHINING,THREADING",98059000
VELCRO DISC 6 INCH 60 GRIT,Consumable,Nos,VELCRO DISC 6 INCH 60 GRIT,98059000
ORBITAL SANDER 6INCH-METABO,Consumable,Nos,ORBITAL SANDER 6INCH-METABO,98059000
2 POLE MCB BOX,Consumable,Nos,2 POLE MCB BOX,98059000
35 SQ.MM 3.5 CORE ARMURD CABLE,Consumable,Nos,35 SQ.MM 3.5 CORE ARMURD CABLE,98059000
200 AMP 4 POLE MCCB WITH METAL BOX,Consumable,Nos,200 AMP 4 POLE MCCB WITH METAL BOX,98059000
200 AMP BUSBAR,Consumable,Nos,200 AMP BUSBAR,98059000
200 AMP BASBAR FUSE,Consumable,Nos,200 AMP BASBAR FUSE,98059000
35 SQ.MM CABLE LUGS,Consumable,Nos,35 SQ.MM CABLE LUGS,98059000
200 AMP MCB BOX,Consumable,Nos,200 AMP MCB BOX,98059000
200 AMP BUS BAR,Consumable,Nos,200 AMP BUS BAR,98059000
100 AMP BUS BAR,Consumable,Nos,100 AMP BUS BAR,98059000
DOOR LOCK AS PER IMAGE,Consumable,Nos,DOOR LOCK AS PER IMAGE,98059000
WOODEN PALLET 1200X1200,Consumable,Nos,WOODEN PALLET 1200X1200,98059000
12 INCH 24TPI  HACKSAW BLADE -MIRANDA,Consumable,Nos,12 INCH 24TPI  HACKSAW BLADE -MIRANDA,98059000
32 GRADE LUBRICATION OIL FOR MACHINES,Consumable,Nos,32 GRADE LUBRICATION OIL FOR MACHINES,98059000
6 SQ MM COPPER LUG,Consumable,Nos,6 SQ MM COPPER LUG,98059000
6 SQ MM U SHAPE LUG,Consumable,Nos,6 SQ MM U SHAPE LUG,98059000
HOSE CLIP 1 INCH,Consumable,Nos,HOSE CLIP 1 INCH,98059000
HOSE CLIP 1/2 INCH,Consumable,Nos,HOSE CLIP 1/2 INCH,98059000
M12 SENSOR CABLE,Consumable,Nos,M12 SENSOR CABLE,98059000
M8 SENSOR CABLE,Consumable,Nos,M8 SENSOR CABLE,98059000
RED OXIDE PRIMER,Consumable,Nos,RED OXIDE PRIMER,98059000
CABLE CONNECTOR-M8 ( 2MTR ),Consumable,Nos,CABLE CONNECTOR-M8 ( 2MTR ),98059000
HAMMER DRILL MACHINE,Consumable,Nos,HAMMER DRILL MACHINE,98059000
PINEWOOD PALLET   2400X1200 MM,Consumable,Nos,PINEWOOD PALLET   2400X1200 MM,98059000
UPVC SOLVANT 59 ML,Consumable,Nos,UPVC SOLVANT 59 ML,98059000
6AMP SOCKET ANCHOR,Consumable,Nos,6AMP SOCKET ANCHOR,98059000
FAN HOOK,Consumable,Nos,FAN HOOK,98059000
1/2 INCH GI CLAMP,Consumable,Nos,1/2 INCH GI CLAMP,98059000
GI NUT 12M,Consumable,Nos,GI NUT 12M,98059000
UPVC SOLVENT 100 ML,Consumable,Nos,UPVC SOLVENT 100 ML,98059000
1*3/4 UPVC R/S,Consumable,Nos,1*3/4 UPVC R/S,98059000
1*1/2 UPVC R/S,Consumable,Nos,1*1/2 UPVC R/S,98059000
3/4 UPVC PIPE,Consumable,Nos,3/4 UPVC PIPE,98059000
1/2 UPVC PIPE,Consumable,Nos,1/2 UPVC PIPE,98059000
YELLOW OIL PAINT,Consumable,Nos,YELLOW OIL PAINT,98059000
2INCH BRUSH,Consumable,Nos,2INCH BRUSH,98059000
ANGLE COCK CP,Consumable,Nos,ANGLE COCK CP,98059000
BLACK OIL PAINT,Consumable,Nos,BLACK OIL PAINT,98059000
3/4 CPVC PIPE,Consumable,Nos,3/4 CPVC PIPE,98059000
3/4 CPVC SOCKET,Consumable,Nos,3/4 CPVC SOCKET,98059000
1INCH BRUSH,Consumable,Nos,1INCH BRUSH,98059000
2INCH GI ELBOW,Consumable,Nos,2INCH GI ELBOW,98059000
2 INCH GI HEX NIPPLE,Consumable,Nos,2 INCH GI HEX NIPPLE,98059000
PRIMER 20 LIT,Consumable,Nos,PRIMER 20 LIT,98059000
100 ML BLACK STAINER,Consumable,Nos,100 ML BLACK STAINER,98059000
100 ML BLUE STAINER,Consumable,Nos,100 ML BLUE STAINER,98059000
12*25 SELF SCREW,Consumable,Nos,12*25 SELF SCREW,98059000
GI HEX BOLT 12*75,Consumable,Nos,GI HEX BOLT 12*75,98059000
ALLEN BOLT 8*40,Consumable,Nos,ALLEN BOLT 8*40,98059000
ALLEN BOLT 6*40,Consumable,Nos,ALLEN BOLT 6*40,98059000
4.1 HSS BIT,Consumable,Nos,4.1 HSS BIT,98059000
GI NUT 12 MM,Consumable,Nos,GI NUT 12 MM,98059000
4 INCH HINGES,Consumable,Nos,4 INCH HINGES,98059000
3/6*2INCH SCREW BOLT,Consumable,Nos,3/6*2INCH SCREW BOLT,98059000
4INCH CUT OFF WHEEL,Consumable,Nos,4INCH CUT OFF WHEEL,98059000
8 INCH MAGNET BIT,Consumable,Nos,8 INCH MAGNET BIT,98059000
1/2 FLEXIBLE PIPE,Consumable,Nos,1/2 FLEXIBLE PIPE,98059000
ABRO TAPE 3/4,Consumable,Nos,ABRO TAPE 3/4,98059000
TABLE TRAY 150 MM,Consumable,Nos,TABLE TRAY 150 MM,98059000
LINE DORI,Consumable,Nos,LINE DORI,98059000
1 UPVC B/MTA,Consumable,Nos,1 UPVC B/MTA,98059000
GI BOLT & NUT 6 X 25,Consumable,Nos,GI BOLT & NUT 6 X 25,98059000
BRASS FTA UPVC 1/2 INCH,Consumable,Nos,BRASS FTA UPVC 1/2 INCH,98059000
UPVC BRASS TEE 1/2 INCH,Consumable,Nos,UPVC BRASS TEE 1/2 INCH,98059000
UPVC TEE 1/2 INCH,Consumable,Nos,UPVC TEE 1/2 INCH,98059000
PRIMER PAINT,Consumable,Nos,PRIMER PAINT,98059000
GI JALI 3 X 4 FEET,Consumable,Nos,GI JALI 3 X 4 FEET,98059000
TAB TRAY 200 MM,Consumable,Nos,TAB TRAY 200 MM,98059000
GREY PAINT,Consumable,Nos,GREY PAINT,98059000
1/2 INCH BRASS BALL VALVE,Consumable,Nos,1/2 INCH BRASS BALL VALVE,98059000
HEX NIPPLE 1/2 INCH,Consumable,Nos,HEX NIPPLE 1/2 INCH,98059000
1/2 UPVC BRASS ELBOW,Consumable,Nos,1/2 UPVC BRASS ELBOW,98059000
8 X 1/2 PU CONNECTOR,Consumable,Nos,8 X 1/2 PU CONNECTOR,98059000
1 INCH FOOT VALVE,Consumable,Nos,1 INCH FOOT VALVE,98059000
8 X 8 PU CONNECTOR,Consumable,Nos,8 X 8 PU CONNECTOR,98059000
PVC BALL VALVE 50 MM,Consumable,Nos,PVC BALL VALVE 50 MM,98059000
BINDING WIRE,Consumable,Nos,BINDING WIRE,98059000
ALLEN BOLT 6 X 55,Consumable,Nos,ALLEN BOLT 6 X 55,98059000
1/2 INCH GI END CAP,Consumable,Nos,1/2 INCH GI END CAP,98059000
3 INCH HINJES,Consumable,Nos,3 INCH HINJES,98059000
1/2 X 6 INCH BRASS NIPPLE,Consumable,Nos,1/2 X 6 INCH BRASS NIPPLE,98059000
1/2 X 12 BRASS NIPPLE,Consumable,Nos,1/2 X 12 BRASS NIPPLE,98059000
1/2 X 8 PU CONNECTOR,Consumable,Nos,1/2 X 8 PU CONNECTOR,98059000
UPVC 1/2 BRASS BRACKET,Consumable,Nos,UPVC 1/2 BRASS BRACKET,98059000
CONTACT TIP 1.2 M6/DIA.8X24 AI  - 42.0001.6528.10,Consumable,Nos,CONTACT TIP 1.2 M6/DIA.8X24 AI  - 42.0001.6528.10,98059000
ROBOT TIP ADAPTOR,Consumable,Nos,ROBOT TIP ADAPTOR,98059000
M6 X 40 MS NUT,Consumable,Nos,M6 X 40 MS NUT,98059000
M6 X 40 MS BOLT & WASHER,Consumable,Nos,M6 X 40 MS BOLT & WASHER,98059000
ALLEN BOLT M8*80,Consumable,Nos,ALLEN BOLT M8*80,98059000
LIGHTNING ARRESTER,Consumable,Nos,LIGHTNING ARRESTER,98059000
SPANNER SET OPEN TYPE 6 TO 32,Consumable,Nos,SPANNER SET OPEN TYPE 6 TO 32,98059000
V BELT A-25,Consumable,Nos,V BELT A-25,98059000
BRIDGE CAM WELDING GAUGE,Consumable,Nos,BRIDGE CAM WELDING GAUGE,98059000
FILLET WELD GAUGE INSIZE MAKE - 0.5 MM TO 5 MM,Consumable,Nos,FILLET WELD GAUGE INSIZE MAKE - 0.5 MM TO 5 MM,98059000
STICKER ROLL (CIRCLE),Consumable,Nos,STICKER ROLL (CIRCLE),98059000
PP SHEET 1000X2000X25 THK,Consumable,Nos,PP SHEET 1000X2000X25 THK,98059000
M8X40 ALLEN BOLT,Consumable,Nos,M8X40 ALLEN BOLT,98059000
M5X55 MM SCREW WITH NUT & WASHER,Consumable,Nos,M5X55 MM SCREW WITH NUT & WASHER,98059000
M5X65 MM SCREW WITH NUT & WASHER,Consumable,Nos,M5X65 MM SCREW WITH NUT & WASHER,98059000
PINUP BOARD - 4X3 FT,Consumable,Nos,PINUP BOARD - 4X3 FT,98059000
Blue colour M-8 hose pipe high quality,Consumable,Nos,Blue colour M-8 hose pipe high quality,98059000
PINEWOOD PALLET  2400X1000 MM,Consumable,Nos,PINEWOOD PALLET  2400X1000 MM,98059000
MONTHLY RENTAL CHARGES FOR 7 MTR CUBE COMMERCIAL CYLINDER,Consumable,Nos,MONTHLY RENTAL CHARGES FOR 7 MTR CUBE COMMERCIAL CYLINDER,98059000
PER DAY RENTAL CHARGES FOR (150 MTR CUBE) MINI BULK,Consumable,Nos,PER DAY RENTAL CHARGES FOR (150 MTR CUBE) MINI BULK,98059000
MONTHLY RENTAL CHARGES FOR UHP 99.999% ARGON CYLINDER- 7 MTR CUBE,Consumable,Nos,MONTHLY RENTAL CHARGES FOR UHP 99.999% ARGON CYLINDER- 7 MTR CUBE,98059000
AIR BAG 900 X 1800 MM,Consumable,Nos,AIR BAG 900 X 1800 MM,98059000
Aluminum Wire RD 4043 -1.2MM DIA,Consumable,Nos,Aluminum Wire RD 4043 -1.2MM DIA,98059000
THINNER NO.844,Consumable,Nos,THINNER NO.844,98059000
FRONIUS INSULATION RING- PART NO.- 42.0100.1329,Consumable,Nos,FRONIUS INSULATION RING- PART NO.- 42.0100.1329,98059000
SAFETY HELMET,Consumable,Nos,SAFETY HELMET,98059000
SANDER MACHINE PAD,Consumable,Nos,SANDER MACHINE PAD,98059000
SCRAPER,Consumable,Nos,SCRAPER,98059000
CO2 TIP HOLDER 1.2 MM,Consumable,Nos,CO2 TIP HOLDER 1.2 MM,98059000
ROBOT WELDING NOZZLE,Consumable,Nos,ROBOT WELDING NOZZLE,98059000
4 INCH GRINDING MACHINE,Consumable,Nos,4 INCH GRINDING MACHINE,98059000
GAS DIFFUSER,Consumable,Nos,GAS DIFFUSER,98059000
WOODEN PALLET 1800X2400,Consumable,Nos,WOODEN PALLET 1800X2400,98059000
